﻿{
  "Item": [
    {
      "Name": "CVE",
      "Regexp": "CVE-\\d{4}-\\d{4}",
      "KeyModify": "",
      "ReplaceString": "[[KEY]]",
      "Url": "https://jvndb.jvn.jp/search/index.php?mode=_vulnerability_search_IA_VulnSearch&lang=ja&useSynonym=1&keyword=[[KEY]]"
    },
    {
      "Name": "Microsoft KB",
      "Regexp": "KB\\d{7}",
      "KeyModify": "",
      "ReplaceString": "[[KEY]]",
      "Url": "https://www.catalog.update.microsoft.com/Search.aspx?q=[[KEY]]"
    },
    {
      "Name": "Regexp Sample",
      "Regexp": "([A-Z][A-Z])(\\d{7})",
      "KeyModify": "$1&code=$2",
      "ReplaceString": "[[KEY]]",
      "Url": "https://www.sample.site/Search.aspx?category=[[KEY]]"
    }
  ]

}